Datum;Tid;Torkel Knutssonsg;Marsta;Norr Malma;HÃ¶gdalen;Null
20-01-01;00:00;71.2697;73.2949;68.6219;69.9841;
20-01-02;00:00;76.2709;80.2927;78.8615;75.254;
20-01-03;00:00;68.0658;68.0179;65.0533;68.4381;
20-01-04;00:00;52.0281;53.7576;54.8122;52.1409;
20-01-05;00:00;73.0497;78.573;76.308;72.752;
20-01-06;00:00;96.6042;96.2052;97.8927;96.3646;
20-01-07;00:00;87.5427;88.8688;88.8302;88.3906;
20-01-08;00:00;73.1326;75.6652;74.3363;73.4039;
20-01-09;00:00;80.0027;85.597;83.3073;80.8004;
20-01-10;00:00;88.0219;89.8938;97.1105;90.4375;
20-01-11;00:00;80.837;84.7028;82.1071;83.678;
20-01-12;00:00;81.8671;85.0137;81.5438;81.6949;
20-01-13;00:00;86.5531;90.4969;91.0365;87.6824;
20-01-14;00:00;88.3594;88.9823;89.6875;89.1533;
20-01-15;00:00;81.135;82.0424;81.1616;82.3994;
20-01-16;00:00;73.7902;80.1654;78.0751;73.3933;
20-01-17;00:00;88.549;88.3469;88.2469;89.1344;
20-01-18;00:00;88.051;91.8302;91.8522;88.3082;
20-01-19;00:00;79.2689;81.9664;78.5623;77.5822;
20-01-20;00:00;73.4585;79.2931;74.9442;73.605;
20-01-21;00:00;73.947;75.4011;72.6309;72.1014;
20-01-22;00:00;56.438;61.4539;62.6442;;
20-01-23;00:00;74.653;80.9662;77.792;74.6624;
20-01-24;00:00;81.0323;83.1504;81.6666;80.2271;
20-01-25;00:00;74.5137;76.0325;71.4919;74.9037;
20-01-26;00:00;80.1271;83.5432;83.2281;79.1508;
20-01-27;00:00;90.2698;90.15;90.6698;90.3708;
20-01-28;00:00;96.0448;94.9698;98.0032;96.4968;
20-01-29;00:00;94.5438;94.4042;97.576;95.7594;
20-01-30;00:00;92.1542;94.3708;98.7659;95.7052;
20-01-31;00:00;90.0531;94.2771;97.8812;94.1344;
20-02-01;00:00;90.5386;91.9646;95.2532;91.6519;
20-02-02;00:00;74.425;77.8591;82.678;74.9097;
20-02-03;00:00;70.9503;80.37;84.3075;75.09;
20-02-04;00:00;78.7684;88.8727;90.174;81.1049;
20-02-05;00:00;72.8187;75.6906;75.5822;72.7314;
20-02-06;00:00;70.355;79.3241;73.8407;72.6694;
20-02-07;00:00;84.642;89.624;89.5177;86.7078;
20-02-08;00:00;89.9958;88.5698;90.798;90.074;
20-02-09;00:00;88.2677;87.7542;89.8823;88.9493;
20-02-10;00:00;79.9011;81.9252;83.0487;79.5157;
20-02-11;00:00;72.1914;81.0657;80.0272;73.3927;
20-02-12;00:00;80.7819;88.0819;86.5643;81.0928;
20-02-13;00:00;68.2164;82.693;84.6222;68.3187;
20-02-14;00:00;71.1508;81.9502;86.0447;74.808;
20-02-15;00:00;84.8271;88.5269;89.7031;85.8282;
20-02-16;00:00;86.7568;85.9874;88.5823;88.3151;
20-02-17;00:00;70.7719;73.7189;70.3506;71.4755;
20-02-18;00:00;66.7242;73.1467;69.1654;67.129;
20-02-19;00:00;70.1627;76.9803;76.881;70.5475;
20-02-20;00:00;83.927;90.3281;88.1;86.9708;
20-02-21;00:00;73.1163;77.8502;77.2526;74.5482;
20-02-22;00:00;75.312;77.9668;77.3223;74.7157;
20-02-23;00:00;61.1177;64.5814;62.4367;61.5472;
20-02-24;00:00;53.7752;66.6943;63.4227;55.7569;
20-02-25;00:00;74.2351;75.9543;80.6304;77.3856;
20-02-26;00:00;59.8004;63.99;58.856;63.1201;
20-02-27;00:00;85.2357;71.3507;69.8113;88.4585;
20-02-28;00:00;66.3563;71.1677;70.6915;72.6187;
20-02-29;00:00;87.5708;88.2537;87.6417;88.3453;
20-03-01;00:00;86.3094;93.6105;93.5354;86.8546;
20-03-02;00:00;80.4106;86.3685;86.1846;82.7699;
20-03-03;00:00;95.225;94.9521;96.325;95.1479;
20-03-04;00:00;97.6261;95.9865;97.2969;96.4584;
20-03-05;00:00;89.048;91.6282;94.9271;89.754;
20-03-06;00:00;77.0211;95.3292;91.7079;80.2212;
20-03-07;00:00;92.7255;96.6771;93.613;90.8911;
20-03-08;00:00;82.6172;86.5287;85.6434;84.6041;
20-03-09;00:00;80.4211;79.2748;78.361;80.9648;
20-03-10;00:00;93.0813;90.3375;96.2803;94.3009;
20-03-11;00:00;83.7883;86.2937;89.1163;82.5293;
20-03-12;00:00;82.5897;79.8062;80.4536;82.949;
20-03-13;00:00;52.1871;49.8934;56.3249;53.2705;
20-03-14;00:00;39.3605;45.7015;47.3771;41.6754;
20-03-15;00:00;66.9131;68.3601;66.1326;68.4028;
20-03-16;00:00;66.9567;63.7953;73.7399;71.9252;
20-03-17;00:00;72.8286;79.4436;75.6184;73.8333;
20-03-18;00:00;77.7407;83.5774;82.0834;78.2395;
20-03-19;00:00;60.1046;61.3134;58.8882;59.8243;
20-03-20;00:00;66.5712;70.7783;72.8514;66.854;
20-03-21;00:00;55.6717;57.5862;68.5616;56.4969;
20-03-22;00:00;61.0771;58.0812;64.3068;66.3606;
20-03-23;00:00;52.6505;60.1548;61.5721;54.5665;
20-03-24;00:00;48.1857;51.3834;49.4084;51.1954;
20-03-25;00:00;28.9754;36.9062;35.1945;30.1218;
20-03-26;00:00;41.8167;44.1317;44.3333;43.4002;
20-03-27;00:00;51.8193;50.9242;54.8027;56.3875;
20-03-28;00:00;48.2396;46.1926;54.9161;49.5797;
20-03-29;00:00;38.7556;41.1577;48.1909;39.4437;
20-03-30;00:00;53.2357;61.6011;60.3575;53.0208;
20-03-31;00:00;47.7994;54.9285;54.7764;49.5007;
20-04-01;00:00;53.0122;48.6574;52.6746;54.1033;
20-04-02;00:00;62.7556;63.1874;67.3364;62.8268;
20-04-03;00:00;52.3203;56.6444;66.187;54.1439;
20-04-04;00:00;42.4798;43.02;45.2998;44.6111;
20-04-05;00:00;58.3028;64.0054;64.7679;61.199;
20-04-06;00:00;55.0564;61.6555;62.9569;58.1601;
20-04-07;00:00;68.5077;75.2478;78.9594;71.4318;
20-04-08;00:00;50.5359;58.5454;59.2103;53.8438;
20-04-09;00:00;40.6318;44.8627;54.1996;41.4445;
20-04-10;00:00;46.1699;48.5331;64.1571;48.2944;
20-04-11;00:00;49.8809;49.7152;65.8865;54.1733;
20-04-12;00:00;75.2778;80.3735;79.0533;75.5017;
20-04-13;00:00;47.9024;54.1918;65.7158;48.6061;
20-04-14;00:00;49.1472;52.5172;60.4739;48.5095;
20-04-15;00:00;57.7425;63.3468;65.5375;57.9941;
20-04-16;00:00;40.0321;39.6729;50.33;40.4333;
20-04-17;00:00;40.9265;40.1371;47.8802;41.6024;
20-04-18;00:00;41.5299;46.4581;54.8314;42.1505;
20-04-19;00:00;51.5376;58.4686;64.6648;53.0828;
20-04-20;00:00;53.4427;55.475;67.182;57.0748;
20-04-21;00:00;48.2843;55.1016;64.5643;50.0038;
20-04-22;00:00;50.6148;53.1288;63.9888;51.8174;
20-04-23;00:00;46.8924;45.6368;61.3356;50.4896;
20-04-24;00:00;52.8144;59.5901;66.7987;53.2092;
20-04-25;00:00;50.8586;54.9597;65.6776;51.3767;
20-04-26;00:00;46.2537;47.421;59.2341;47.1374;
20-04-27;00:00;56.8679;57.0161;60.0776;61.523;
20-04-28;00:00;84.0175;77.6898;79.9082;87.3708;
20-04-29;00:00;65.0046;67.3009;75.8556;66.397;
20-04-30;00:00;73.0336;68.2454;77.0482;73.5216;
20-05-01;00:00;87.8409;88.889;86.3855;88.2451;
20-05-02;00:00;71.3202;81.7382;80.9619;75.6945;
20-05-03;00:00;70.7725;77.5219;82.0718;76.7877;
20-05-04;00:00;83.5077;86.2412;87.0906;84.731;
20-05-05;00:00;65.3357;54.1807;64.8817;70.728;
20-05-06;00:00;50.3674;58.6238;66.3635;54.4773;
20-05-07;00:00;44.2202;49.3527;63.9115;48.1412;
20-05-08;00:00;56.1667;55.3532;62.5483;60.2227;
20-05-09;00:00;46.9738;46.4674;55.4857;49.0449;
20-05-10;00:00;72.4415;80.7959;75.8922;73.8521;
20-05-11;00:00;59.249;67.7089;69.6873;60.4923;
20-05-12;00:00;64.5834;74.4948;68.4817;63.8555;
20-05-13;00:00;79.1349;78.8521;85.4927;84.3661;
20-05-14;00:00;59.3872;71.3573;81.8998;68.8584;
20-05-15;00:00;57.3028;62.4536;67.127;61.4027;
20-05-16;00:00;51.2563;65.4183;82.5309;52.6241;
20-05-17;00:00;58.1549;68.0273;71.2764;59.399;
20-05-18;00:00;65.9996;74.4622;78.2859;69.3536;
20-05-19;00:00;65.6888;65.8871;76.192;69.9137;
20-05-20;00:00;54.6359;57.0567;61.5997;58.2893;
20-05-21;00:00;44.4903;48.848;57.3079;50.1094;
20-05-22;00:00;36.4609;39.5246;52.7596;44.3866;
20-05-23;00:00;65.7571;69.8826;69.1588;68.5416;
20-05-24;00:00;68.1624;71.9468;74.9645;71.1368;
20-05-25;00:00;70.7419;72.1556;74.4653;69.2632;
20-05-26;00:00;50.2556;59.7379;61.6511;54.1348;
20-05-27;00:00;64.2196;72.5653;71.7135;64.7717;
20-05-28;00:00;56.3748;59.033;65.0835;58.9829;
20-05-29;00:00;54.6255;60.3492;65.9941;57.8105;
20-05-30;00:00;53.3536;60.4205;66.7947;53.7364;
20-05-31;00:00;44.7866;54.7565;56.0315;44.5368;
20-06-01;00:00;38.5723;50.371;51.5806;41.6281;
20-06-02;00:00;48.862;57.6499;57.7426;52.0209;
20-06-03;00:00;54.0616;56.2696;63.3256;55.8755;
20-06-04;00:00;67.093;65.8629;72.6191;66.5626;
20-06-05;00:00;81.3665;71.1552;79.8357;81.2643;
20-06-06;00:00;85.3347;85.8998;91.0453;87.5499;
20-06-07;00:00;55.0601;61.0289;62.2395;58.1326;
20-06-08;00:00;53.5253;64.8229;66.8396;57.6524;
20-06-09;00:00;51.1583;73.0303;70.0321;54.9201;
20-06-10;00:00;43.8914;54.1671;57.4174;47.2521;
20-06-11;00:00;40.4462;44.7577;51.9925;41.1191;
20-06-12;00:00;51.3439;53.5347;64.5419;50.9492;
20-06-13;00:00;41.7255;52.1442;55.9599;42.8838;
20-06-14;00:00;40.569;51.6251;55.0056;40.1528;
20-06-15;00:00;40.8667;51.4969;55.4592;44.3273;
20-06-16;00:00;75.0842;72.6864;83.5829;78.8029;
20-06-17;00:00;84.5332;96.0968;92.6344;86.4508;
20-06-18;00:00;67.4553;75.8059;74.9844;72.9493;
20-06-19;00:00;56.66;69.7039;72.6366;59.7401;
20-06-20;00:00;63.9641;74.5747;71.6993;63.4153;
20-06-21;00:00;50.7748;66.8958;63.6722;49.566;
20-06-22;00:00;54.9861;59.9456;63.8868;57.2225;
20-06-23;00:00;51.8048;64.3585;65.137;56.7804;
20-06-24;00:00;47.2128;57.5122;64.624;51.121;
20-06-25;00:00;42.9911;56.0968;60.4176;49.7841;
20-06-26;00:00;48.9012;52.9623;57.3967;53.132;
20-06-27;00:00;47.1893;57.018;58.9644;53.593;
20-06-28;00:00;59.1072;72.0995;69.9965;62.5264;
20-06-29;00:00;64.0078;73.1033;76.892;68.1473;
20-06-30;00:00;66.1688;79.9553;81.413;70.0797;
20-07-01;00:00;69.323;74.6559;83.0983;71.3998;
20-07-02;00:00;62.4014;77.9834;86.9365;65.1063;
20-07-03;00:00;47.687;64.374;64.1736;49.9013;
20-07-04;00:00;74.4443;79.8765;84.2365;77.9377;
20-07-05;00:00;83.8684;89.6049;89.2803;86.0225;
20-07-06;00:00;61.2252;71.0991;71.0463;64.3499;
20-07-07;00:00;60.9935;68.1545;67.9541;63.9958;
20-07-08;00:00;73.9342;74.8069;77.4081;79.2234;
20-07-09;00:00;58.8386;63.7692;75.5308;63.6133;
20-07-10;00:00;66.8855;73.9919;76.8915;69.9617;
20-07-11;00:00;73.465;78.5077;81.2784;77.6559;
20-07-12;00:00;69.5219;82.9536;85.0596;74.0431;
20-07-13;00:00;70.7583;74.8073;86.3231;74.4452;
20-07-14;00:00;67.8606;78.4019;78.7738;71.3038;
20-07-15;00:00;72.6091;81.7295;81.2703;75.126;
20-07-16;00:00;61.9124;76.5541;78.5386;64.2002;
20-07-17;00:00;49.2985;64.9681;64.0651;53.8704;
20-07-18;00:00;58.8911;71.0879;67.8427;62.6031;
20-07-19;00:00;57.7661;65.5602;66.2662;61.8251;
20-07-20;00:00;71.1843;79.9237;76.2871;75.0978;
20-07-21;00:00;63.2919;84.3324;82.3837;64.9957;
20-07-22;00:00;49.9781;60.4925;64.6631;52.0753;
20-07-23;00:00;46.5097;60.9111;57.1005;48.9351;
20-07-24;00:00;44.9801;61.3269;60.192;49.9011;
20-07-25;00:00;55.7976;63.2215;67.9753;58.226;
20-07-26;00:00;63.9346;62.7789;74.666;69.2887;
20-07-27;00:00;69.3262;73.1326;74.5143;73.1454;
20-07-28;00:00;82.4338;83.6339;86.9847;85.1926;
20-07-29;00:00;71.0874;77.8667;80.6299;75.2383;
20-07-30;00:00;78.8787;82.9338;85.4393;81.0514;
20-07-31;00:00;73.3486;80.8333;82.7318;75.6028;
20-08-01;00:00;59.3632;68.173;68.5233;62.7273;
20-08-02;00:00;65.2659;69.9113;69.1812;68.949;
20-08-03;00:00;59.9479;69.2898;69.9598;62.5991;
20-08-04;00:00;54.2037;66.2013;74.8624;57.4646;
20-08-05;00:00;57.1178;66.312;68.3201;60.614;
20-08-06;00:00;70.115;76.33;77.7814;71.8865;
20-08-07;00:00;52.9733;61.6966;67.2961;59.2037;
20-08-08;00:00;51.5511;57.4033;63.9413;55.4205;
20-08-09;00:00;62.5063;68.3147;76.6089;63.6874;
20-08-10;00:00;53.3419;63.1744;68.4698;53.5999;
20-08-11;00:00;60.1997;66.2499;73.2571;63.1055;
20-08-12;00:00;54.856;58.8558;67.5128;62.6471;
20-08-13;00:00;62.7037;73.9036;80.7825;63.913;
20-08-14;00:00;64.7085;69.2388;79.428;68.9835;
20-08-15;00:00;49.3859;57.7606;68.0615;53.5476;
20-08-16;00:00;54.4376;65.1169;69.5984;57.033;
20-08-17;00:00;71.6582;71.5233;82.2075;74.3325;
20-08-18;00:00;63.8635;71.0862;72.1558;68.4191;
20-08-19;00:00;67.4373;68.9271;72.4955;72.2825;
20-08-20;00:00;64.8177;66.027;74.2526;69.5918;
20-08-21;00:00;73.4373;73.1537;82.6969;76.6406;
20-08-22;00:00;70.8373;72.276;83.7012;75.4015;
20-08-23;00:00;65.077;70.0259;69.8517;66.9906;
20-08-24;00:00;62.7094;72.9435;83.7157;66.6816;
20-08-25;00:00;48.7775;61.0165;68.131;51.8801;
20-08-26;00:00;49.8862;59.8549;64.0878;53.2453;
20-08-27;00:00;58.3433;68.4572;74.9198;59.8984;
20-08-28;00:00;62.0731;79.7688;76.6591;69.826;
20-08-29;00:00;84.5323;89.4728;85.6056;88.8188;
20-08-30;00:00;79.2811;86.2432;86.2343;81.1287;
20-08-31;00:00;78.2603;87.4745;86.6854;80.4299;
20-09-01;00:00;72.4397;73.9708;78.9863;75.6266;
20-09-02;00:00;76.718;80.4579;83.3561;79.635;
20-09-03;00:00;87.8917;91.9785;93.2511;88.9233;
20-09-04;00:00;77.8003;83.3777;85.3977;79.9376;
20-09-05;00:00;68.4226;68.8214;75.3783;72.0809;
20-09-06;00:00;70.3928;75.152;78.8094;70.8462;
20-09-07;00:00;70.7521;71.0757;83.0012;73.4584;
20-09-08;00:00;69.6267;75.7426;81.7048;70.4287;
20-09-09;00:00;80.8856;91.2903;91.926;83.7852;
20-09-10;00:00;58.2872;67.3824;68.1313;60.5632;
20-09-11;00:00;59.98;69.5374;70.4653;63.0616;
20-09-12;00:00;81.2681;83.1191;83.7521;83.161;
20-09-13;00:00;70.2086;70.5253;71.4714;71.2266;
20-09-14;00:00;86.1427;86.395;88.8417;88.7928;
20-09-15;00:00;87.9448;95.1282;95.2136;88.7677;
20-09-16;00:00;79.5763;80.2715;89.4189;81.004;
20-09-17;00:00;53.3007;58.2046;67.0092;54.3467;
20-09-18;00:00;68.1222;69.425;74.4072;68.6248;
20-09-19;00:00;56.0491;66.5844;74.4032;63.7936;
20-09-20;00:00;80.158;87.3184;88.2949;82.1277;
20-09-21;00:00;75.5116;82.6946;83.3826;78.0116;
20-09-22;00:00;71.9274;73.7194;78.1586;73.2007;
20-09-23;00:00;79.4104;78.4911;84.7271;81.9149;
20-09-24;00:00;83.1361;78.8151;;87.938;
20-09-25;00:00;75.9402;76.6656;;79.7427;
20-09-26;00:00;91.2917;95.5928;;93.4698;
20-09-27;00:00;85.9374;98.7615;;85.4867;
20-09-28;00:00;90.55;98.2833;;89.299;
20-09-29;00:00;92.8782;98.8677;;92.3855;
20-09-30;00:00;87.3398;91.2814;;88.0841;
20-10-01;00:00;88.7073;92.3552;;89.4906;
20-10-02;00:00;86.4736;88.3418;;86.4492;
20-10-03;00:00;83.7782;88.1252;92.1469;84.1132;
20-10-04;00:00;92.2469;93.0594;;92.4625;
20-10-05;00:00;84.4821;86.6115;;86.3961;
20-10-06;00:00;96.1469;98.0604;;96.775;
20-10-07;00:00;87.0459;89.4369;94.6882;88.4696;
20-10-08;00:00;83.7157;88.2463;;85.6436;
20-10-09;00:00;75.1514;83.1067;84.4796;77.7593;
20-10-10;00:00;85.3948;92.7156;92.0416;87.9349;
20-10-11;00:00;80.8873;88.3959;;83.7235;
20-10-12;00:00;74.1716;86.4701;86.051;75.8138;
20-10-13;00:00;79.6187;83.6292;88.0802;81.7411;
20-10-14;00:00;74.8556;81.8654;76.6898;74.6312;
20-10-15;00:00;71.2228;82.1737;76.9475;70.7509;
20-10-16;00:00;83.1652;88.8357;94.9225;84.5311;
20-10-17;00:00;77.4735;82.7008;81.4813;80.1215;
20-10-18;00:00;54.4088;62.9587;68.8121;57.1052;
20-10-19;00:00;52.4341;62.2571;64.2903;53.6688;
20-10-20;00:00;78.2793;89.4045;89.1948;82.0839;
20-10-21;00:00;92.6031;95.9927;;93.9625;
20-10-22;00:00;94.926;97.0636;;95.9104;
20-10-23;00:00;87.5303;89.9625;92.4791;90.0168;
20-10-24;00:00;94.8605;97.0104;;95.3625;
20-10-25;00:00;92.9906;94.3115;;94.1489;
20-10-26;00:00;94.5177;94.55;;95.6115;
20-10-27;00:00;89.7312;93.1553;;91.4865;
20-10-28;00:00;87.8115;91.3625;;89.9924;
20-10-29;00:00;89.3146;91.9657;;91.9812;
20-10-30;00:00;98.2396;98.5021;;97.9719;
20-10-31;00:00;93.9501;97.7302;;96.0459;
20-11-01;00:00;87.9813;91.6583;92.1213;88.9542;
20-11-02;00:00;92.2667;91.2385;98.2084;93.6854;
20-11-03;00:00;76.4955;82.3986;85.7272;78.5546;
20-11-04;00:00;85.9584;91.0344;94.0265;87.6489;
20-11-05;00:00;78.1404;83.9298;83.5277;79.4468;
20-11-06;00:00;77.4509;85.1676;83.7855;76.8175;
20-11-07;00:00;88.5823;90.9733;92.3656;89.757;
20-11-08;00:00;77.8241;85.7789;91.6376;82.5779;
20-11-09;00:00;88.7803;92.1469;96.0042;90.0674;
20-11-10;00:00;88.4584;94.9333;98.0375;90.4661;
20-11-11;00:00;84.8146;85.9231;92.9844;88.1479;
20-11-12;00:00;76.8831;91;92.7042;79.9988;
20-11-13;00:00;94.2646;95.0854;94.9761;95.4761;
20-11-14;00:00;92.3969;93.4625;98.2969;94.2521;
20-11-15;00:00;93.7948;95.6625;97.7021;95.0344;
20-11-16;00:00;88.8896;89.3313;93.9646;90.5552;
20-11-17;00:00;88.0969;90.1237;92.4501;89.2959;
20-11-18;00:00;82.8052;89.2278;89.558;83.7753;
20-11-19;00:00;73.2841;79.9349;80.8599;74.5891;
20-11-20;00:00;63.2755;72.4047;74.0507;63.963;
20-11-21;00:00;83.8375;90.9703;91.3582;85.5431;
20-11-22;00:00;71.2136;79.97;77.6721;71.8574;
20-11-23;00:00;57.9092;70.1633;67.3221;58.5973;
20-11-24;00:00;89.2328;91.6862;91.2788;89.2108;
20-11-25;00:00;87.6958;90.069;93.4166;89.9714;
20-11-26;00:00;91.326;91.2396;96.8667;92.3792;
20-11-27;00:00;87.926;92.3187;90.009;89.1385;
20-11-28;00:00;86.0415;95.1719;91.9292;84.405;
20-11-29;00:00;93.974;95.7375;99.9323;92.999;
20-11-30;00:00;95.7042;96.9584;99.9365;95.8542;
20-12-01;00:00;90.0375;96.7157;99.4271;90.4375;
20-12-02;00:00;88.6217;97.0563;97.3458;91.0331;
20-12-03;00:00;72.1355;82.8943;84.5026;73.043;
20-12-04;00:00;91.705;94.3854;96.4315;91.9604;
20-12-05;00:00;90.2469;97.0312;98.8792;91.9386;
20-12-06;00:00;90.6959;94.2688;96.5594;90.9031;
20-12-07;00:00;82.7324;87.7438;86.0345;83.4126;
20-12-08;00:00;77.4893;80.8746;77.7363;77.8467;
20-12-09;00:00;90.9042;92.2843;93.1527;91.4209;
20-12-10;00:00;84.3528;88.8173;89.0491;85.476;
20-12-11;00:00;89.9396;92.1689;92.3439;89.7998;
20-12-12;00:00;94.8833;97.7291;99.0813;96.4646;
20-12-13;00:00;91.703;96.0563;94.8699;93.6021;
20-12-14;00:00;83.053;90.9073;96.4365;87.8251;
20-12-15;00:00;93.6917;95.5687;96.124;93.6824;
20-12-16;00:00;91.2906;94.3334;95.8167;90.5354;
20-12-17;00:00;94.0042;97.1802;99.9865;94.8511;
20-12-18;00:00;91.4104;94.7136;98.0521;91.7959;
20-12-19;00:00;95.4396;95.4177;98.5729;96.0219;
20-12-20;00:00;93.2573;93.951;95.6594;93.5094;
20-12-21;00:00;94.2927;94.3187;98.749;95.4708;
20-12-22;00:00;90.6917;92.5052;95.5979;92.699;
20-12-23;00:00;86.6628;90.8917;94.5886;88.7562;
20-12-24;00:00;87.3142;87.5312;95.7562;91.2844;
20-12-25;00:00;89.6466;90.3423;98.1958;88.0671;
20-12-26;00:00;92.9011;94.4802;98.6542;93.7937;
20-12-27;00:00;83.9747;87.6298;91.4802;84.5673;
20-12-28;00:00;83.1732;85.8994;87.4187;83.178;
20-12-29;00:00;93.3761;95.6636;97.698;94.2917;
20-12-30;00:00;95.8104;96.3584;99.4427;96.8718;
20-12-31;00:00;89.5229;96.0062;99.0854;94.7854;
21-01-01;00:00;90.5425;96.8761;99.6865;96.0563;
21-01-02;00:00;93.4729;95.6469;99.0886;97.3208;
21-01-03;00:00;84.5155;88.777;93.8513;86.6511;
21-01-04;00:00;88.5583;91.2021;89.7979;88.1323;
21-01-05;00:00;84.9397;87.1067;87.6792;85.8573;
21-01-06;00:00;84.2008;82.9496;82.8472;84.0873;
21-01-07;00:00;94.7271;87.2817;92.3865;94.7229;
21-01-08;00:00;95.4708;93.6666;92.798;97.049;
21-01-09;00:00;89.3844;92.1875;90.6167;94.8251;
21-01-10;00:00;91.2255;94.4375;94.4407;92.6312;
21-01-11;00:00;94.3042;98.2969;97.0438;94.7698;
21-01-12;00:00;;;;;
21-01-13;00:00;91.7303;92.3541;97.8542;93.5042;
21-01-14;00:00;92.4667;88.9136;90.8646;94.3157;
21-01-15;00:00;86.4315;84.5322;92.5219;88.7073;
21-01-16;00:00;90.3541;91.1709;97.2886;91.4667;
21-01-17;00:00;86.1703;93.9761;96.699;91.0677;
21-01-18;00:00;83.1416;87.9437;93.4333;86.525;
21-01-19;00:00;85.3361;90.3594;94.3271;87.5386;
21-01-20;00:00;96.5531;95.1406;97.0542;95.9354;
21-01-21;00:00;93.6831;96.2146;97.7073;95.5615;
21-01-22;00:00;87.0535;91.5138;94.3525;88.1477;
21-01-23;00:00;74.3214;82.6025;79.5035;76.024;
21-01-24;00:00;90.5375;93.1438;97.0864;94.0615;
21-01-25;00:00;94.7146;92.9386;96.3552;93.1219;
21-01-26;00:00;89.375;88.198;94.6125;91.8469;
21-01-27;00:00;89.2031;90.4021;93.0875;90.8865;
21-01-28;00:00;93.8605;93.9094;94.9271;92.6594;
21-01-29;00:00;90.1333;94.7656;90.5719;93.1115;
21-01-30;00:00;86.0834;87.1844;91.9125;89.2688;
21-01-31;00:00;87.049;86.7983;90.2108;88.1208;
21-02-01;00:00;84.0219;88.0071;90.5552;86.9573;
21-02-02;00:00;97.3989;89.5875;94.4531;93.999;
21-02-03;00:00;85.4958;86.6094;89.9106;87.9333;
21-02-04;00:00;85.2888;84.7057;90.674;86.2852;
21-02-05;00:00;86.5736;89.1198;87.1449;86.6195;
21-02-06;00:00;80.2321;85.1184;89.069;82.4694;
21-02-07;00:00;86.9073;88.6263;92.9386;87.8334;
21-02-08;00:00;83.4954;88.5686;89.1078;84.3816;
21-02-09;00:00;75.2344;81.8362;82.3064;78.0947;
21-02-10;00:00;79.9341;84.6848;86.3667;81.9519;
21-02-11;00:00;84.2698;84.7253;90.1427;85.4614;
21-02-12;00:00;80.072;77.0729;90.224;81.8484;
21-02-13;00:00;62.0333;61.5127;80.3038;63.8714;
21-02-14;00:00;64.9479;65.8848;81.599;66.0808;
21-02-15;00:00;68.1772;81.7225;79.9984;72.0699;
21-02-16;00:00;74.3641;84.9106;85.3955;75.6919;
21-02-17;00:00;75.0382;76.7783;77.6782;75.8392;
21-02-18;00:00;72.3112;78.5653;80.458;72.5442;
21-02-19;00:00;93.3177;92.6875;93.8271;92.1636;
21-02-20;00:00;91.9802;95.9219;97.6532;93.2562;
21-02-21;00:00;88.9471;96.8354;97.5928;90.2771;
21-02-22;00:00;97.0177;98.551;98.8458;95.6771;
21-02-23;00:00;96.2667;97.9802;99.6302;96.6031;
21-02-24;00:00;91.423;93.8187;93.8083;92.0011;
21-02-25;00:00;80.5244;89.4375;85.6851;79.6276;
21-02-26;00:00;66.3916;68.3757;71.5458;65.9381;
21-02-27;00:00;64.0256;72.6292;71.5214;64.6295;
21-02-28;00:00;65.0039;69.2889;72.4584;65.3529;
21-03-01;00:00;66.0734;71.8868;71.7598;65.342;
21-03-02;00:00;54.8321;64.5638;62.4252;55.3701;
21-03-03;00:00;76.4001;75.8489;75.5546;76.0841;
21-03-04;00:00;61.464;66.1736;70.3118;62.222;
21-03-05;00:00;57.1704;63.5126;74.759;59.2578;
21-03-06;00:00;;55.3054;61.4587;56.7339;
21-03-07;00:00;;41.5585;56.111;43.9536;
21-03-08;00:00;;45.0959;62.1923;50.0149;
21-03-09;00:00;;77.428;76.9436;72.0292;
21-03-10;00:00;;77.455;81.9005;79.6753;
21-03-11;00:00;;86.2618;84.0446;83.9221;
21-03-12;00:00;;98.0896;96.5459;88.8031;
21-03-13;00:00;80.3015;82.1058;84.5593;80.7076;
21-03-14;00:00;73.6553;78.5798;88.9728;76.5449;
21-03-15;00:00;67.9548;79.3407;89.556;68.849;
21-03-16;00:00;73.3785;78.4117;85.6709;75.1289;
21-03-17;00:00;66.8962;74.4777;84.7543;68.7245;
21-03-18;00:00;69.0387;71.8418;75.7883;67.6659;
21-03-19;00:00;53.224;66.9448;57.1177;53.0454;
21-03-20;00:00;61.9037;66.3805;66.743;61.8217;
21-03-21;00:00;44.8955;43.4811;51.0746;45.9736;
21-03-22;00:00;52.7822;58.4932;68.4597;52.5989;
21-03-23;00:00;52.1548;58.4838;59.5049;53.2632;
21-03-24;00:00;72.6981;74.1898;72.8876;71.2473;
21-03-25;00:00;67.0475;72.5513;69.4821;66.3368;
21-03-26;00:00;74.5494;77.4696;78.7358;75.7883;
21-03-27;00:00;77.1199;76.0919;81.0612;79.2889;
21-03-28;00:00;88.6096;89.6017;89.6084;88.4578;
21-03-29;00:00;84.9995;88.9834;84.7462;84.4247;
21-03-30;00:00;79.5195;82.0017;80.6613;77.1301;
21-03-31;00:00;91.3511;85.8093;85.0848;91.1553;
21-04-01;00:00;55.3487;59.8997;65.9515;63.5964;
21-04-02;00:00;55.1353;61.1799;59.6643;55.1186;
21-04-03;00:00;48.6571;52.819;56.178;47.7476;
21-04-04;00:00;53.5314;62.1285;57.5264;55.7949;
21-04-05;00:00;71.5233;74.8016;79.8566;71.6774;
21-04-06;00:00;44.0171;54.829;50.8248;45.1262;
21-04-07;00:00;63.5049;65.41;73.9946;64.8876;
21-04-08;00:00;53.1514;54.2144;58.3359;57.8131;
21-04-09;00:00;74.1312;80.0471;82.069;73.9873;
21-04-10;00:00;55.2462;64.4436;64.5999;55.467;
21-04-11;00:00;61.1999;66.0693;68.2931;62.8411;
21-04-12;00:00;81.4918;93.4016;88.5975;81.6526;
21-04-13;00:00;69.3634;82.5175;74.3949;72.2203;
21-04-14;00:00;58.2264;62.6601;67.1293;65.192;
21-04-15;00:00;53.265;61.1499;67.7189;56.8456;
21-04-16;00:00;50.4646;56.53;61.8527;49.17;
21-04-17;00:00;49.1872;59.7833;59.5871;48.2845;
21-04-18;00:00;46.9708;56.1323;59.7377;45.821;
21-04-19;00:00;49.392;54.2929;64.8986;49.1014;
21-04-20;00:00;44.0423;55.923;59.8251;47.4017;
21-04-21;00:00;45.2625;56.7109;58.6511;53.4695;
21-04-22;00:00;86.2841;92.8309;94.5219;89.3398;
21-04-23;00:00;49.1981;50.5043;62.4012;50.113;
21-04-24;00:00;55.4062;58.0485;63.2669;54.9413;
21-04-25;00:00;63.4289;68.0743;77.6102;61.8085;
21-04-26;00:00;62.5047;60.4722;74.1375;63.5026;
21-04-27;00:00;48.1335;49.2935;67.1429;47.7648;
21-04-28;00:00;49.8483;61.4686;71.7168;54.4267;
21-04-29;00:00;61.8828;67.306;72.2817;60.3109;
21-04-30;00:00;47.0545;55.953;63.9329;49.8358;
21-05-01;00:00;49.8486;54.4352;57.2808;52.3589;
21-05-02;00:00;47.9072;57.3366;60.958;51.0405;
21-05-03;00:00;46.7186;60.5639;64.4961;49.5588;
21-05-04;00:00;68.4585;49.0127;60.666;69.9092;
21-05-05;00:00;96.349;86.27;89.0723;95.3281;
21-05-06;00:00;94.5177;89.8917;96.9437;96.8782;
21-05-07;00:00;71.368;73.4778;83.3313;70.6688;
21-05-08;00:00;56.8998;62.1366;66.0536;59.8462;
21-05-09;00:00;76.2906;85.037;77.198;79.3497;
21-05-10;00:00;75.2764;84.2966;84.1113;76.5571;
21-05-11;00:00;60.5022;65.9491;71.7382;60.9963;
21-05-12;00:00;49.3228;59.9601;59.0728;52.1422;
21-05-13;00:00;47.8749;54.6409;54.121;49.1438;
21-05-14;00:00;73.5999;78.129;76.9607;77.5942;
21-05-15;00:00;88.2867;91.9766;93.667;89.5713;
21-05-16;00:00;77.2977;83.2972;85.0054;77.8209;
21-05-17;00:00;86.8013;87.7649;90.4182;88.1166;
21-05-18;00:00;66.3025;81.1926;79.3093;67.5286;
21-05-19;00:00;59.4671;69.9229;73.7277;63.0147;
21-05-20;00:00;60.1346;73.9253;69.9364;59.8564;
21-05-21;00:00;72.276;82.3263;88.4087;73.5446;
21-05-22;00:00;73.4639;80.8412;81.4756;76.5667;
21-05-23;00:00;73.3585;93.1246;91.6041;75.7441;
21-05-24;00:00;85.2449;85.204;81.0015;84.3896;
21-05-25;00:00;76.8835;77.5178;78.1366;78.7875;
21-05-26;00:00;98.749;93.6626;95.146;98.0303;
21-05-27;00:00;96.8688;97.0344;97.6719;97.2698;
21-05-28;00:00;83.7303;67.0491;79.7645;86.5793;
21-05-29;00:00;47.4077;57.9714;58.9932;53.7462;
21-05-30;00:00;43.6199;59.9273;56.4374;51.7127;
21-05-31;00:00;46.0594;53.519;62.1016;48.4667;
21-06-01;00:00;57.7901;66.2598;69.611;57.6566;
21-06-02;00:00;53.2265;63.272;63.6531;53.6085;
21-06-03;00:00;45.5986;63.8551;61.879;52.3873;
21-06-04;00:00;47.1648;59.4248;60.4935;52.8571;
21-06-05;00:00;48.07;58.1944;61.7778;52.1066;
21-06-06;00:00;47.8294;59.3427;60.9829;52.0526;
21-06-07;00:00;48.6801;72.3647;72.3386;51.2225;
21-06-08;00:00;70.3807;87.2289;83.1357;74.6803;
21-06-09;00:00;79.4756;85.5392;75.017;83.7396;
21-06-10;00:00;56.5532;68.9709;69.5248;60.9354;
21-06-11;00:00;60.8553;72.7413;68.9183;65.1957;
21-06-12;00:00;81.6334;90.9825;84.6544;82.688;
21-06-13;00:00;55.6859;59.7624;59.3678;62.0874;
21-06-14;00:00;63.1031;74.8535;68.0403;65.8733;
21-06-15;00:00;52.6378;60.4207;55.2112;52.3192;
21-06-16;00:00;52.2217;60.6045;58.7901;55.5276;
21-06-17;00:00;58.6745;59.3544;58.0026;64.1951;
21-06-18;00:00;56.653;64.6583;59.7746;59.5938;
21-06-19;00:00;59.3638;67.5452;72.948;61.0253;
21-06-20;00:00;62.8937;78.5505;79.7185;65.3751;
21-06-21;00:00;58.5908;79.3263;70.7737;62.0343;
21-06-22;00:00;71.4866;89.1003;82.3837;70.8115;
21-06-23;00:00;82.1986;83.5602;83.1552;82.7063;
21-06-24;00:00;77.4308;82.8156;79.4369;80.1854;
21-06-25;00:00;79.5591;89.386;81.74;82.1926;
21-06-26;00:00;70.5879;79.6053;76.7667;71.976;
21-06-27;00:00;64.0928;87.4534;83.475;70.53;
21-06-28;00:00;63.4587;85.3256;83.1461;67.5325;
21-06-29;00:00;58.0834;73.5444;71.2007;61.7657;
21-06-30;00:00;67.9355;77.7744;76.0098;65.4478;
21-07-01;00:00;59.2477;63.8142;66.8491;58.0666;
21-07-02;00:00;56.1378;63.5364;66.1145;54.4022;
21-07-03;00:00;56.603;62.2789;65.4884;58.4513;
21-07-04;00:00;55.876;64.3002;67.4321;59.4643;
21-07-05;00:00;67.9432;72.926;73.5593;69.3569;
21-07-06;00:00;73.304;78.6827;75.7229;77.2107;
21-07-07;00:00;86.9594;94.3323;92.2208;89.1782;
21-07-08;00:00;64.8978;70.3271;73.0326;68.031;
21-07-09;00:00;61.569;70.8389;78.7231;66.4545;
21-07-10;00:00;77.8097;83.4978;84.8521;80.2289;
21-07-11;00:00;66.9564;74.7677;71.4919;68.8986;
21-07-12;00:00;60.1979;69.7379;72.6113;65.1627;
21-07-13;00:00;70.7695;72.8984;83.2504;68.7646;
21-07-14;00:00;64.5424;64.8357;69.6866;64.5381;
21-07-15;00:00;62.4276;71.4103;75.0596;65.197;
21-07-16;00:00;56.0863;57.4586;64.6047;55.4614;
21-07-17;00:00;59.9197;64.7493;67.4656;65.2994;
21-07-18;00:00;56.0841;59.7022;64.4088;57.9609;
21-07-19;00:00;49.5514;52.5598;61.5602;51.0818;
21-07-20;00:00;54.3939;59.4169;70.0859;55.319;
21-07-21;00:00;46.1797;51.4248;60.1111;47.452;
21-07-22;00:00;50.4382;54.48;58.6682;51.9988;
21-07-23;00:00;54.0187;56.6835;63.0231;54.9952;
21-07-24;00:00;58.412;59.372;64.8918;59.7044;
21-07-25;00:00;50.9479;54.8196;62.0881;54.9143;
21-07-26;00:00;61.2111;59.4307;68.3596;63.6027;
21-07-27;00:00;66.1577;61.5852;70.0785;65.7726;
21-07-28;00:00;82.1857;93.5646;91.137;88.0055;
21-07-29;00:00;63.9764;81.1517;76.2185;68.2173;
21-07-30;00:00;71.1228;76.1523;79.5901;72.6742;
21-07-31;00:00;77.9418;77.5604;82.9692;79.1034;
21-08-01;00:00;67.5887;75.0437;76.2626;71.6191;
21-08-02;00:00;69.5858;81.9387;80.0925;74.323;
21-08-03;00:00;54.432;57.9109;67.1047;57.2114;
21-08-04;00:00;53.4484;58.048;69.5941;63.0681;
21-08-05;00:00;59.1049;63.5638;68.2341;66.9166;
21-08-06;00:00;59.0975;63.7581;68.2018;60.7556;
21-08-07;00:00;88.0872;88.0242;88.1049;89.4103;
21-08-08;00:00;83.8137;89.4653;91.2805;86.7782;
21-08-09;00:00;79.9911;84.6012;85.4264;85.2206;
21-08-10;00:00;80.6224;83.7854;86.7375;83.8455;
21-08-11;00:00;71.1311;81.4113;83.0576;76.4564;
21-08-12;00:00;67.0466;75.6719;;;
21-08-13;00:00;70.7982;81.5986;;74.7203;
21-08-14;00:00;66.3074;75.201;;;
21-08-15;00:00;65.1211;85.6278;80.9828;65.2639;
21-08-16;00:00;79.9169;90.3959;87.9437;81.5477;
21-08-17;00:00;91.7812;98.6355;96.3699;93.6208;
21-08-18;00:00;90.4691;94.9094;95.074;91.8826;
21-08-19;00:00;67.5284;80.5012;82.3405;68.6729;
21-08-20;00:00;66.4045;67.9064;64.3201;71.5311;
21-08-21;00:00;61.9998;72.494;74.1615;66.9347;
21-08-22;00:00;60.5942;72.7488;75.6156;64.3621;
21-08-23;00:00;60.3427;71.7992;78.3695;63.6215;
21-08-24;00:00;63.2181;74.6527;76.5735;66.9092;
21-08-25;00:00;79.8271;87.1923;89.5099;82.5959;
21-08-26;00:00;92.3876;94.7688;93.8031;95.5021;
21-08-27;00:00;93.9927;95.8656;92.4979;94.7472;
21-08-28;00:00;90.8146;95.2021;89.5344;93.1022;
21-08-29;00:00;82.0566;90.1377;86.1298;81.6926;
21-08-30;00:00;77.3175;80.2976;85.3177;76.3336;
21-08-31;00:00;68.3727;78.3784;;69.9689;
21-09-01;00:00;61.1673;66.0447;;64.3232;
21-09-02;00:00;57.0768;66.1404;;59.7358;
21-09-03;00:00;52.3533;61.1875;;54.361;
21-09-04;00:00;58.4883;70.7994;;63.0867;
21-09-05;00:00;62.2197;75.7755;;67.5981;
21-09-06;00:00;69.9849;82.2803;;72.2354;
21-09-07;00:00;74.0293;84.6433;;76.1221;
21-09-08;00:00;74.8331;;83.5782;75.7034;
21-09-09;00:00;75.8699;;82.4226;78.203;
21-09-10;00:00;93.5781;;96.55;92.9855;
21-09-11;00:00;89.4058;;97.0115;91.9985;
21-09-12;00:00;91.2366;98.2281;95.8104;93.2722;
21-09-13;00:00;69.6494;75.5743;79.037;74.2417;
21-09-14;00:00;60.7893;74.8217;76.1636;68.2502;
21-09-15;00:00;67.4163;79.3472;82.193;73.3987;
21-09-16;00:00;70.0374;84.5306;81.448;73.1555;
21-09-17;00:00;67.9592;81.7775;74.9585;67.0609;
21-09-18;00:00;58.3792;75.2406;72.9496;59.5089;
21-09-19;00:00;69.8016;70.2101;74.8455;73.0999;
21-09-20;00:00;67.6707;77.9075;78.6633;71.2654;
21-09-21;00:00;71.7971;91.7925;87.7744;78.2803;
21-09-22;00:00;75.8904;88.598;84.207;81.0717;
21-09-23;00:00;86.9518;93.5958;92.624;88.8809;
21-09-24;00:00;87.0687;90.9445;95.5448;87.6575;
21-09-25;00:00;70.2168;78.5559;84.3448;74.7816;
21-09-26;00:00;65.9945;76.9409;81.4363;72.7219;
21-09-27;00:00;77.0839;83.833;86.2233;79.506;
21-09-28;00:00;73.9983;80.9222;75.7543;75.9596;
21-09-29;00:00;75.1915;83.8146;79.5692;76.2375;
21-09-30;00:00;84.8777;91.6182;87.8168;85.7235;
21-10-01;00:00;77.8868;83.3582;74.3888;79.1973;
21-10-02;00:00;75.5725;79.1248;78.3889;77.0056;
21-10-03;00:00;84.2582;88.4823;85.0623;85.7058;
21-10-04;00:00;89.5604;93.451;93.8927;90.6469;
21-10-05;00:00;93.3872;95.7479;96.3386;94.7146;
21-10-06;00:00;87.0854;93.7896;89.5667;88.8556;
21-10-07;00:00;87.0209;91.5354;90.4865;89.5275;
21-10-08;00:00;82.8755;88.3136;84.7869;86.2976;
21-10-09;00:00;85.9614;92.1854;88.2823;87.7906;
21-10-10;00:00;77.1056;83.3516;81.0129;78.09;
21-10-11;00:00;79.3882;92.3868;86.4716;81.2987;
21-10-12;00:00;79.1373;85.6146;90.8212;80.4834;
21-10-13;00:00;71.6179;83.9844;86.8322;74.8313;
21-10-14;00:00;82.2964;91.7449;86.9706;84.2073;
21-10-15;00:00;73.4663;81.3896;80.0699;75.7994;
21-10-16;00:00;60.0486;70.7406;65.1537;62.5194;
21-10-17;00:00;51.6067;67.7982;60.3443;59.8949;
21-10-18;00:00;60.467;75.145;70.6887;63.7744;
21-10-19;00:00;78.1205;95.1698;89.6301;83.8875;
21-10-20;00:00;91.0248;92.6265;90.1296;91.8628;
21-10-21;00:00;81.3824;84.7418;82.6367;82.3967;
21-10-22;00:00;54.9058;66.1283;64.6396;56.4091;
21-10-23;00:00;70.2737;77.1383;88.6729;71.3911;
21-10-24;00:00;74.0435;86.7548;85.3986;75.9268;
21-10-25;00:00;74.9552;84.0903;78.0496;76.8571;
21-10-26;00:00;85.9114;90.1117;87.2692;87.8719;
21-10-27;00:00;93.6396;98.1011;95.8865;93.201;
21-10-28;00:00;88.4423;93.6302;93.0155;89.3162;
21-10-29;00:00;90.984;92.0802;90.3865;91.4878;
21-10-30;00:00;95.1698;97.4761;94.13;95.3086;
21-10-31;00:00;91.9391;95.9594;94.3063;93.4003;
21-11-01;00:00;88.9622;90.905;91.674;91.1198;
21-11-02;00:00;91.2114;96.0698;89.795;91.676;
21-11-03;00:00;94.6146;97.749;93.6937;94.6417;
21-11-04;00:00;87.8623;94.7334;93.8948;89.0668;
21-11-05;00:00;83.1842;95.4636;89.9844;83.5817;
21-11-06;00:00;77.2798;87.2235;82.1938;78.6458;
21-11-07;00:00;89.6517;93.6146;90.8802;92.9938;
21-11-08;00:00;88.1794;95.5698;85.0405;88.0024;
21-11-09;00:00;94.1448;97.548;95.6907;95.775;
21-11-10;00:00;84.9963;93.3969;89.2738;85.8492;
21-11-11;00:00;82.7755;89.5288;86.6149;84.4225;
21-11-12;00:00;67.8866;83.8037;78.3617;69.9999;
21-11-13;00:00;90.696;96.9083;97.5292;93.0365;
21-11-14;00:00;93.573;96.5333;97.6594;93.199;
21-11-15;00:00;79.7537;89.1327;86.03;81.2534;
21-11-16;00:00;82.3257;90.8251;84.7794;83.1372;
21-11-17;00:00;86.4269;92.4761;87.3198;86.2656;
21-11-18;00:00;85.0465;95.8656;93.0625;85.8527;
21-11-19;00:00;82.3722;88.9031;86.0623;81.0786;
21-11-20;00:00;61.8621;76.49;71.2903;62.2736;
21-11-21;00:00;80.0444;88.5813;85.7412;80.2507;
21-11-22;00:00;78.3223;86.6641;83.6886;80.057;
21-11-23;00:00;74.6945;85.4741;84.3873;75.1207;
21-11-24;00:00;86.7618;91.948;86.1744;86.6495;
21-11-25;00:00;81.4233;92.1271;87.8375;82.7463;
21-11-26;00:00;78.2533;91.276;88.3146;80.7727;
21-11-27;00:00;76.2981;88.182;84.5649;78.2347;
21-11-28;00:00;73.6008;77.3281;80.129;73.9767;
21-11-29;00:00;79.0546;91.7573;77.7167;79.9741;
21-11-30;00:00;81.3269;89.4844;87.1431;81.7776;
21-12-01;00:00;80.8087;87.7969;91.0864;83.7996;
21-12-02;00:00;94.8021;90.4761;88.7039;92.4625;
21-12-03;00:00;89.8688;92.8876;92.6105;90.5219;
21-12-04;00:00;81.2897;92.3479;86.9312;87.0933;
21-12-05;00:00;80.8466;85.4346;82.0424;80.9833;
21-12-06;00:00;80.2754;84.2772;86.1396;79.3558;
21-12-07;00:00;83.8167;82.0825;85.3074;83.299;
21-12-08;00:00;80.4775;90.5386;87.5592;80.5402;
21-12-09;00:00;76.6902;88.698;77.731;75.0101;
21-12-10;00:00;98.7521;99.5188;97.6406;96.8531;
21-12-11;00:00;96.7365;99.8063;98.7104;97.1813;
21-12-12;00:00;94.4417;99.8251;99.7823;96.7656;
21-12-13;00:00;98.0303;99.7157;99.6167;97.499;
21-12-14;00:00;96.2833;98.7948;97.1344;95.5958;
21-12-15;00:00;95.451;98.2178;96.0792;93.9646;
21-12-16;00:00;71.3374;82.8679;77.702;70.0801;
21-12-17;00:00;73.938;83.0155;80.5574;73.8987;
21-12-18;00:00;74.8097;77.308;75.7214;74.1001;
21-12-19;00:00;67.1539;70.1964;73.3417;67.1708;
21-12-20;00:00;70.084;83.5001;65.9673;69.364;
21-12-21;00:00;81.4067;87.5945;92.0011;83.0594;
21-12-22;00:00;79.4589;89.2104;89.4729;84.9587;
21-12-23;00:00;87.0815;92.3208;90.6011;86.2505;
21-12-24;00:00;71.4283;71.0325;82.7496;72.2584;
21-12-25;00:00;73.3003;77.4655;80.6212;73.7968;
21-12-26;00:00;78.6448;88.6316;88.8556;79.629;
21-12-27;00:00;92.9271;91.8;91.9292;92.2323;
21-12-28;00:00;79.7463;90.7465;87.342;81.5315;
21-12-29;00:00;98.8251;98.0802;98.3531;95.7229;
21-12-30;00:00;99.4115;99.5553;98.9354;97.9125;
21-12-31;00:00;97.2927;98.9042;98.8688;94.0375;
22-01-01;00:00;81.4871;91.0542;91.8541;82.8245;
22-01-02;00:00;99.4625;99.6771;99.5271;98.3619;
22-01-03;00:00;99.1802;99.6709;99.8511;98.3562;
22-01-04;00:00;86.5869;90.8823;93.4604;86.7832;
22-01-05;00:00;93.7198;93.448;94.3104;91.9209;
22-01-06;00:00;78.1669;78.2405;84.0593;78.2128;
22-01-07;00:00;83.113;88.3074;87.1581;83.8723;
22-01-08;00:00;99.949;98.7157;97.7334;97.7281;
22-01-09;00:00;94.8552;98.0229;96.6041;96.7604;
22-01-10;00:00;87.7889;88.1865;87.0758;88.4302;
22-01-11;00:00;84.853;92.6;89.5969;86.1732;
22-01-12;00:00;95.8719;96.3469;93.4021;93.0802;
22-01-13;00:00;74.4384;83.3947;73.6433;72.5411;
22-01-14;00:00;53.9605;62.2094;65.5557;54.6865;
22-01-15;00:00;61.6674;71.161;68.0059;61.699;
22-01-16;00:00;87.5258;90.3425;90.5588;85.6605;
22-01-17;00:00;52.3893;55.7294;58.4292;52.8077;
22-01-18;00:00;67.5391;73.6765;71.6696;67.0289;
22-01-19;00:00;85.7625;90.2407;85.8135;84.3907;
22-01-20;00:00;78.345;73.9939;80.6669;77.7443;
22-01-21;00:00;61.1614;59.6723;66.3428;61.457;
22-01-22;00:00;69.041;72.1008;72.4061;70.713;
22-01-23;00:00;92.6428;93.3979;89.208;89.6973;
22-01-24;00:00;89.2427;93.949;90.5771;89.437;
22-01-25;00:00;82.2543;88.3591;85.0098;83.0577;
22-01-26;00:00;89.0787;94.5719;89.7413;87.1305;
22-01-27;00:00;94.0637;96.926;94.3115;92.0729;
22-01-28;00:00;69.7888;76.915;76.5861;70.9342;
22-01-29;00:00;91.4099;94.3785;91.0527;88.8741;
22-01-30;00:00;84.6613;90.1416;88.167;83.0288;
22-01-31;00:00;71.8387;82.72;75.5426;71.2073;
22-02-01;00:00;78.7769;88.7417;90.0271;80.6307;
22-02-02;00:00;79.8152;87.7333;91.2052;82.9485;
22-02-03;00:00;84.757;90.3125;89.6239;83.7809;
22-02-04;00:00;99.0406;98.2063;96.4292;96.6365;
22-02-05;00:00;84.545;88.6987;87.7614;84.2394;
22-02-06;00:00;79.1727;87.053;85.8412;79.1426;
22-02-07;00:00;76.2494;82.8485;81.8165;75.5892;
22-02-08;00:00;82.8389;89.8611;90.9672;81.3462;
22-02-09;00:00;74.2164;81.8678;79.8746;73.8551;
22-02-10;00:00;65.2007;73.1437;68.2971;63.7097;
22-02-11;00:00;63.8138;65.1326;63.1956;63.4156;
22-02-12;00:00;67.5128;75.7162;70.1532;67.0991;
22-02-13;00:00;75.7239;88.6417;78.5699;75.3245;
22-02-14;00:00;96.7854;99.0156;97.1886;94.3344;
22-02-15;00:00;84.4901;92.3771;92.7557;85.8585;
22-02-16;00:00;88.8665;93.3167;92.2511;87.6931;
22-02-17;00:00;88.2783;92.2596;93.048;88.2147;
22-02-18;00:00;73.9141;83.9216;82.3091;72.9166;
22-02-19;00:00;93.5864;86.4152;88.1543;92.5417;
22-02-20;00:00;88.6418;88.5802;87.7866;88.5636;
22-02-21;00:00;98.7281;98.7803;97.9458;97.3313;
22-02-22;00:00;82.2407;98.0969;96.0698;83.6619;
22-02-23;00:00;85.2054;98.0261;94.349;87.1813;
22-02-24;00:00;87.808;86.4611;87.6174;86.9456;
22-02-25;00:00;83.7611;79.6953;88.4708;83.6145;
22-02-26;00:00;54.668;60.9276;62.4848;57.0311;
22-02-27;00:00;56.5094;70.4084;60.9034;58.9043;
22-02-28;00:00;61.4413;81.9169;68.6797;63.7861;
22-03-01;00:00;56.843;75.3071;61.4482;59.8396;
22-03-02;00:00;75.4718;75.5642;78.0845;74.5668;
22-03-03;00:00;65.3954;73.0886;76.8562;64.6265;
22-03-04;00:00;63.8745;72.7291;76.7671;63.967;
22-03-05;00:00;60.5442;73.1943;68.7872;62.8278;
22-03-06;00:00;63.0385;62.375;63.6817;62.8239;
22-03-07;00:00;61.8318;75.1473;73.2449;63.3251;
22-03-08;00:00;64.0649;81.3088;79.9209;65.3563;
22-03-09;00:00;77.5085;89.2615;88.6007;79.4685;
22-03-10;00:00;78.552;89.8181;79.8048;78.035;
22-03-11;00:00;63.9827;79.5078;68.6918;67.2893;
22-03-12;00:00;43.3927;64.3849;51.6118;48.9008;
22-03-13;00:00;46.4637;65.3998;58.5969;50.3346;
22-03-14;00:00;50.619;65.7045;56.183;58.4583;
22-03-15;00:00;74.3046;79.5176;82.6635;75.9246;
22-03-16;00:00;70.2445;86.4598;81.3506;74.4216;
22-03-17;00:00;77.1556;84.4142;77.7087;79.1201;
22-03-18;00:00;72.8735;85.2217;75.7468;72.2284;
22-03-19;00:00;53.942;72.6738;67.3445;57.6133;
22-03-20;00:00;46.6218;66.8682;64.1862;51.3177;
22-03-21;00:00;50.4977;59.247;59.5994;53.9025;
22-03-22;00:00;49.3468;66.2356;58.871;53.7194;
22-03-23;00:00;57.446;64.9829;72.196;56.8776;
22-03-24;00:00;56.0775;68.5081;70.0497;54.6149;
22-03-25;00:00;64.252;74.1569;70.5273;63.0035;
22-03-26;00:00;39.4824;49.7653;50.7114;39.8475;
22-03-27;00:00;51.8525;65.1061;59.8508;52.7937;
22-03-28;00:00;45.1663;56.7808;54.9075;44.8439;
22-03-29;00:00;62.0269;69.9906;73.3911;61.5821;
22-03-30;00:00;48.3651;58.5249;57.8148;50.6584;
22-03-31;00:00;57.4094;73.2566;75.0262;63.3995;
22-04-01;00:00;73.5911;77.5944;78.1544;72.6088;
22-04-02;00:00;51.8231;60.2607;62.4529;54.7895;
22-04-03;00:00;47.7567;55.5972;53.4896;47.9294;
22-04-04;00:00;86.1692;93.5911;86.5269;83.7209;
22-04-05;00:00;74.0121;81.641;86.0552;73.8794;
22-04-06;00:00;52.8141;59.8625;61.9268;54.1341;
22-04-07;00:00;94.1302;90.7933;90.7633;91.7114;
22-04-08;00:00;91.576;98.7428;95.775;87.6907;
22-04-09;00:00;81.7148;89.5477;87.156;80.2311;
22-04-10;00:00;63.2089;81.5945;74.3074;63.0443;
22-04-11;00:00;42.0859;51.7535;49.5219;45.1501;
22-04-12;00:00;46.3493;62.981;63.7313;49.4417;
22-04-13;00:00;54.1039;68.8234;71.2137;61.5657;
22-04-14;00:00;91.9941;88.8334;87.1052;91.1022;
22-04-15;00:00;58.5811;71.2081;68.6451;58.3759;
22-04-16;00:00;41.9604;56.5365;56.6502;45.4855;
22-04-17;00:00;48.9569;58.4097;58.8776;53.3934;
22-04-18;00:00;53.5387;58.9978;69.5583;55.7814;
22-04-19;00:00;51.5496;63.0744;66.473;53.5482;
22-04-20;00:00;56.4659;64.7659;69.5676;57.9116;
22-04-21;00:00;56.3475;62.7053;68.4297;56.1472;
22-04-22;00:00;57.4266;67.762;70.49;56.5315;
22-04-23;00:00;66.0892;66.0094;75.9598;63.9781;
22-04-24;00:00;59.1442;61.984;69.0466;57.9963;
22-04-25;00:00;52.1242;55.2814;61.9841;52.2198;
22-04-26;00:00;45.3962;50.4423;56.3946;46.4835;
22-04-27;00:00;50.8585;54.1242;60.3145;52.5653;
22-04-28;00:00;54.694;57.0816;63.8636;56.0551;
22-04-29;00:00;47.3771;50.333;62.5078;50.6587;
22-04-30;00:00;55.1474;50.3297;61.7398;57.5109;
22-05-01;00:00;48.9643;42.0016;56.3837;51.0965;
22-05-02;00:00;45.7133;41.3254;47.4201;47.4449;
22-05-03;00:00;37.2001;34.426;42.5865;37.1782;
22-05-04;00:00;47.7095;44.8302;51.8347;50.945;
22-05-05;00:00;52.8321;55.0841;53.3345;53.7131;
22-05-06;00:00;57.8097;59.459;62.8148;59.481;
22-05-07;00:00;75.6965;77.074;79.9504;77.2218;
22-05-08;00:00;41.5828;42.9827;51.917;45.0943;
22-05-09;00:00;54.2408;51.5173;51.4963;55.5327;
22-05-10;00:00;61.4709;65.2291;61.1978;62.2619;
22-05-11;00:00;74.5874;78.073;74.2128;73.3898;
22-05-12;00:00;65.6168;71.0315;69.8389;64.6445;
22-05-13;00:00;55.7762;60.1432;59.709;54.2772;
22-05-14;00:00;75.7965;74.3241;76.9165;75.0132;
22-05-15;00:00;52.0504;44.4406;64.9635;55.6718;
22-05-16;00:00;47.4691;46.0131;53.6902;50.8126;
22-05-17;00:00;52.0713;47.9786;61.3578;54.7386;
22-05-18;00:00;45.9574;44.104;49.0092;49.888;
22-05-19;00:00;51.3222;49.4416;54.2006;53.8927;
22-05-20;00:00;85.6287;70.215;75.2219;86.7993;
22-05-21;00:00;54.9046;52.427;64.0005;57.7809;
22-05-22;00:00;39.8339;48.0031;56.3665;45.6599;
22-05-23;00:00;33.7758;38.6331;52.6055;44.9481;
22-05-24;00:00;51.5646;48.5613;60.6694;54.6859;
22-05-25;00:00;70.0637;68.2838;74.3757;70.8547;
22-05-26;00:00;67.9926;73.6517;83.276;69.1903;
22-05-27;00:00;84.7874;88.5938;87.1943;79.4189;
22-05-28;00:00;91.5574;92.8428;91.8157;91.9136;
22-05-29;00:00;70.6088;75.9291;82.7357;73.2708;
22-05-30;00:00;72.2872;78.3488;81.6652;72.0135;
22-05-31;00:00;91.2037;93.724;93.9365;92.5151;
22-06-01;00:00;75.5677;79.1704;81.3302;76.9733;
22-06-02;00:00;98.3094;96.8;91.9844;96.1427;
22-06-03;00:00;76.9073;89.2107;77.7235;80.0352;
22-06-04;00:00;65.0388;70.7042;75.8965;68.8164;
22-06-05;00:00;54.6207;65.1794;70.7319;56.174;
22-06-06;00:00;48.5197;54.8092;59.9105;49.1203;
22-06-07;00:00;66.6576;70.874;69.0641;70.0793;
22-06-08;00:00;70.3749;79.1815;73.1843;72.0714;
22-06-09;00:00;64.472;73.9784;69.8942;65.3097;
22-06-10;00:00;65.1176;87.2555;80.2789;68.6823;
22-06-11;00:00;64.3354;69.3302;67.7032;64.7578;
22-06-12;00:00;60.1172;69.116;61.8838;62.4946;
22-06-13;00:00;61.8486;70.7178;67.2372;64.0963;
22-06-14;00:00;64.473;72.5125;71.8035;70.2548;
22-06-15;00:00;57.3309;67.2568;64.8538;62.4236;
22-06-16;00:00;66.8046;76.4421;72.6381;72.2131;
22-06-17;00:00;62.322;75.6697;75.2305;65.1376;
22-06-18;00:00;68.7828;81.5841;79.4338;68.5736;
22-06-19;00:00;45.4518;59.8544;59.3519;47.2101;
22-06-20;00:00;72.8002;72.6931;77.2526;73.4293;
22-06-21;00:00;55.4753;62.4073;61.4446;59.458;
22-06-22;00:00;66.9185;81.0818;79.5034;70.1965;
22-06-23;00:00;63.062;71.6803;65.2961;65.8978;
22-06-24;00:00;58.6031;65.354;62.0721;62.297;
22-06-25;00:00;56.2429;62.9597;64.7693;60.8488;
22-06-26;00:00;56.1023;62.93;67.4341;60.1985;
22-06-27;00:00;56.2599;64.4237;66.2651;60.673;
22-06-28;00:00;59.0694;69.0645;69.4528;61.7093;
22-06-29;00:00;76.3226;90.9309;79.8997;74.8821;
22-06-30;00:00;80.3712;84.2769;82.3397;77.8206;
22-07-01;00:00;87.0796;94.6191;91.0935;88.6421;
22-07-02;00:00;72.314;79.8109;75.1794;73.3663;
22-07-03;00:00;54.8292;68.3027;61.8391;58.6321;
22-07-04;00:00;76.6914;86.2618;75.1729;80.9701;
22-07-05;00:00;62.1116;79.3273;68.0624;65.5233;
22-07-06;00:00;63.8548;78.7307;74.2352;68.1343;
22-07-07;00:00;79.3179;79.4899;82.2449;82.9269;
22-07-08;00:00;70.3193;80.151;78.4709;75.1644;
22-07-09;00:00;57.5626;72.1786;73.2225;59.5889;
22-07-10;00:00;65.1188;78.1204;74.7002;66.1417;
22-07-11;00:00;69.4396;77.39;71.8079;70.3722;
22-07-12;00:00;50.5479;59.7919;61.8926;55.4664;
22-07-13;00:00;60.4751;69.5203;63.4876;59.4794;
22-07-14;00:00;65.5067;71.7347;66.6675;68.2301;
22-07-15;00:00;61.4172;69.547;69.7925;65.9955;
22-07-16;00:00;54.4352;70.9684;65.536;56.7149;
22-07-17;00:00;46.1947;58.2869;57.671;47.4438;
22-07-18;00:00;62.9977;75.969;76.1042;67.048;
22-07-19;00:00;62.2348;69.0452;70.3748;65.0175;
22-07-20;00:00;60.4639;64.4359;63.7975;62.7671;
22-07-21;00:00;52.104;60.3494;59.9422;55.5266;
22-07-22;00:00;74.8167;85.9109;84.8678;73.2004;
22-07-23;00:00;82.0547;89.5469;83.4207;79.7025;
22-07-24;00:00;57.5056;68.6949;57.0034;57.2458;
22-07-25;00:00;69.3882;83.057;71.1121;71.2897;
22-07-26;00:00;74.3323;82.0468;75.6962;76.1622;
22-07-27;00:00;66.9614;74.4338;70.2616;68.8522;
22-07-28;00:00;55.6761;63.5873;63.7911;58.8165;
22-07-29;00:00;51.4736;65.3693;62.9444;58.1894;
22-07-30;00:00;51.709;63.6523;64.2039;55.1957;
22-07-31;00:00;43.6918;57.5626;47.1558;46.7736;
22-08-01;00:00;57.8465;66.5618;68.924;62.993;
22-08-02;00:00;66.573;65.3134;71.8492;67.896;
22-08-03;00:00;65.7697;80.0526;68.3307;66.7859;
22-08-04;00:00;61.8813;68.2356;63.494;64.7172;
22-08-05;00:00;81.4528;95.9637;86.3455;83.1703;
22-08-06;00:00;64.5468;79.1196;72.9052;66.5653;
22-08-07;00:00;59.2208;77.5775;74.3358;61.495;
22-08-08;00:00;58.3364;67.1821;68.7655;60.1487;
22-08-09;00:00;58.799;68.3679;66.2206;62.7401;
22-08-10;00:00;60.9071;73.1438;65.0438;64.709;
22-08-11;00:00;53.0073;65.7406;65.4371;55.1744;
22-08-12;00:00;61.0593;73.1943;73.511;60.5909;
22-08-13;00:00;63.4003;72.1218;68.6801;66.2571;
22-08-14;00:00;58.808;60.8943;64.7408;62.2484;
22-08-15;00:00;75.0911;77.9319;78.1768;77.5477;
22-08-16;00:00;70.3403;73.9136;79.1671;74.0863;
22-08-17;00:00;71.6899;82.9003;80.8258;75.0325;
22-08-18;00:00;74.9969;89.1572;86.931;76.833;
22-08-19;00:00;74.2555;79.4014;80.7715;72.9563;
22-08-20;00:00;85.2233;97.0615;89.6011;87.2473;
22-08-21;00:00;64.6698;74.9728;85.9696;66.5778;
22-08-22;00:00;60.731;65.4929;67.2935;63.5043;
22-08-23;00:00;68.4492;72.9674;80.4998;72.6788;
22-08-24;00:00;60.544;72.1088;76.4475;64.743;
22-08-25;00:00;59.8557;69.2537;72.1731;61.8284;
22-08-26;00:00;74.2308;78.7418;82.0443;74.1094;
22-08-27;00:00;81.5327;94.5433;89.5977;81.2672;
22-08-28;00:00;84.6742;98.8844;89.0328;85.8513;
22-08-29;00:00;73.4958;83.2717;75.8083;76.5112;
22-08-30;00:00;70.646;83.0336;75.0867;69.0491;
22-08-31;00:00;69.3521;82.3562;85.4396;70.813;
22-09-01;00:00;69.2391;83.4277;84.243;70.6482;
22-09-02;00:00;67.1796;82.786;79.8762;70.1138;
22-09-03;00:00;70.6609;84.6121;82.1842;76.1591;
22-09-04;00:00;63.8658;82.2886;77.4578;69.5052;
22-09-05;00:00;62.2069;77.0764;79.6045;66.71;
22-09-06;00:00;61.8921;75.8331;76.4458;64.944;
22-09-07;00:00;64.8149;85.507;85.8428;66.9387;
22-09-08;00:00;67.1462;79.6956;78.7765;71.012;
22-09-09;00:00;58.136;74.8881;75.3464;60.4751;
22-09-10;00:00;71.563;82.2874;81.5154;73.6169;
22-09-11;00:00;70.5609;82.4791;78.7767;71.1503;
22-09-12;00:00;70.5955;83.4224;83.4218;74.5828;
22-09-13;00:00;86.0305;99.0333;90.842;88.9198;
22-09-14;00:00;81.106;98.4167;90.894;81.59;
22-09-15;00:00;83.4178;95.849;89.5305;84.0197;
22-09-16;00:00;87.1829;94.924;95.3855;88.754;
22-09-17;00:00;83.8267;93.493;93.6781;85.6085;
22-09-18;00:00;80.4482;89.7961;89.4354;82.3722;
22-09-19;00:00;85.8856;95.5261;93.349;85.8853;
22-09-20;00:00;77.3953;86.2056;86.7518;77.9447;
22-09-21;00:00;69.0806;83.8451;84.4606;73.8051;
22-09-22;00:00;72.0126;84.3566;83.2715;76.2212;
22-09-23;00:00;74.0757;90.3674;85.5649;77.2389;
22-09-24;00:00;72.0853;93.1915;95.3213;80.0736;
22-09-25;00:00;74.9708;86.1003;90.6536;81.6011;
22-09-26;00:00;89.3334;98.6146;94.4407;92.2677;
22-09-27;00:00;86.0417;96.074;93.5625;89.4402;
22-09-28;00:00;75.6775;89.5542;82.2267;75.8652;
22-09-29;00:00;79.0497;87.4934;82.7959;84.64;
22-09-30;00:00;75.9153;87.0979;84.1301;78.7782;
22-10-01;00:00;85.7437;90.9497;92.9584;88.0857;
22-10-02;00:00;88.4784;96.4313;92.6145;90.9427;
22-10-03;00:00;88.6163;96.2219;91.3363;91.4167;
22-10-04;00:00;72.5518;83.3306;81.6854;75.3075;
22-10-05;00:00;84.2893;96.076;89.4156;84.6886;
22-10-06;00:00;67.3258;77.1161;72.0823;67.8188;
22-10-07;00:00;73.3994;83.4559;73.863;74.1827;
22-10-08;00:00;72.0819;80.9585;74.4379;73.3601;
22-10-09;00:00;69.1853;80.651;71.5486;71.7317;
22-10-10;00:00;75.1368;86.4628;77.4497;76.0996;
22-10-11;00:00;72.3646;86.2648;80.6615;73.0172;
22-10-12;00:00;69.1077;83.7811;77.3977;72.5734;
22-10-13;00:00;81.849;92.3392;85.2537;82.5717;
22-10-14;00:00;85.0829;93.0197;89.6166;85.7535;
22-10-15;00:00;94.2886;98.2594;95.1823;94.5011;
22-10-16;00:00;85.585;93.6223;;87.0104;
22-10-17;00:00;74.9523;86.6796;;75.3047;
22-10-18;00:00;89.641;92.9354;91.8821;91.0641;
22-10-19;00:00;70.0275;84.3936;80.4805;72.8329;

